{
    "name": "nf-core/tumorscope",
    "homePage": "https://github.com/nf-core/tumorscope",
    "repos": {
        "https://github.com/nf-core/modules.git": {
            "modules": {
                "nf-core": {
                    "cellpose": {
                        "branch": "master",
                        "git_sha": "41dfa3f7c0ffabb96a6a813fe321c6d1cc5b6e46",
                        "installed_by": ["modules"]
                    },
                    "fastqc": {
                        "branch": "master",
                        "git_sha": "08108058ea36a63f141c25c4e75f9f872a5b2296",
                        "installed_by": ["modules"]
                    },
                    "multiqc": {
                        "branch": "master",
                        "git_sha": "f0719ae309075ae4a291533883847c3f7c441dad",
                        "installed_by": ["modules"]
                    }
                }
            },
            "subworkflows": {
                "nf-core": {
                    "utils_nextflow_pipeline": {
                        "branch": "master",
                        "git_sha": "c2b22d85f30a706a3073387f30380704fcae013b",
                        "installed_by": ["subworkflows"]
                    },
                    "utils_nfcore_pipeline": {
                        "branch": "master",
                        "git_sha": "51ae5406a030d4da1e49e4dab49756844fdd6c7a",
                        "installed_by": ["subworkflows"]
                    },
                    "utils_nfschema_plugin": {
                        "branch": "master",
                        "git_sha": "2fd2cd6d0e7b273747f32e465fdc6bcc3ae0814e",
                        "installed_by": ["subworkflows"]
                    }
                }
            }
        }
    }
}
